Model,RMSE,R2 Score
Linear Regression,5.268512628485061,0.8515949519864212
Random Forest Regressor,6.054917475737067,0.8039851025078916
Gradient Boosting Regressor,5.874635423976927,0.815483816778064
